scenario,model,K,pi_idx,mean_pi_br,n_unique_logs
Info Provision,eta_out,3,1,0.9963806488372093,43
Info Provision,eta_out,3,2,0.9840695930232559,43
Info Provision,eta_out,3,3,0.9999997395348839,43
Info Provision,eta_out,3,4,0.9906470790697675,43
Info Provision,eta_out,3,5,0.9999996325581395,43
Info Provision,eta_out,3,6,0.9953380302325582,43
Info Provision,eta_out,3,7,0.9999995651162791,43
Info Provision,eta_out,3,8,0.9525762906976744,43
Info Provision,eta_out,3,9,0.9892961209302326,43
Info Provision,eta_out,3,10,0.9999856697674417,43
Info Provision,eta_out,3,11,7.279399879753472e-09,43
Info Provision,eta_out,3,12,0.6905958511627907,43
Info Provision,eta_out,3,13,7.628856954716251e-10,43
Info Provision,eta_out,3,14,0.6932166976744186,43
Info Provision,eta_out,3,15,9.102404476185685e-10,43
Info Provision,eta_out,3,16,0.7384479255813954,43
Info Provision,eta_out,3,17,0.9999999860465116,43
Info Provision,eta_out,3,18,0.6945478,43
Info Provision,eta_out,3,19,1.014360914721146e-09,43
Info Provision,eta_out,3,20,0.7606106720930232,43
Info Provision,eta_out,3,21,0.9766172488372092,43
Info Provision,eta_out,3,22,0.3006550395348837,43
Info Provision,eta_out,3,23,0.9994303790697674,43
Info Provision,eta_out,3,24,0.2839024720930233,43
Info Provision,eta_out,3,25,0.9209958302325582,43
Info Provision,eta_out,3,26,0.32066124186046513,43
Info Provision,eta_out,3,27,0.8897118209302326,43
Info Provision,eta_out,3,28,0.30169412558139536,43
Info Provision,eta_out,3,29,0.9810791302325582,43
Info Provision,eta_out,3,30,0.3382304348837209,43
Info Provision,eta_out,3,31,0.5296457790697674,43
Info Provision,eta_out,3,32,0.3766507186046511,43
Info Provision,eta_out,3,33,0.4886124395348837,43
Info Provision,eta_out,3,34,0.33297247906976746,43
Info Provision,eta_out,3,35,0.5273333372093023,43
Info Provision,eta_out,3,36,0.3597065418604651,43
Info Provision,eta_out,3,37,0.5036344581395349,43
Info Provision,eta_out,3,38,0.36508396976744184,43
Info Provision,eta_out,3,39,0.5922833906976744,43
Info Provision,eta_out,3,40,0.37889836046511627,43
Info Provision,eta_out,3,41,2.2612588486402166e-09,43
Info Provision,eta_out,3,42,0.9999903604651164,43
Info Provision,eta_out,3,43,7.681960897813857e-10,43
Info Provision,eta_out,3,44,0.9999945488372094,43
Info Provision,eta_out,3,45,3.7070317562275115e-10,43
Info Provision,eta_out,3,46,0.9999912441860465,43
Info Provision,eta_out,3,47,4.108214742310384e-09,43
Info Provision,eta_out,3,48,0.9999937906976744,43
Info Provision,eta_out,3,49,6.407430458988679e-10,43
Info Provision,eta_out,3,50,0.9999990232558139,43
Info Provision,eta_out,3,51,0.999998441860465,43
Info Provision,eta_out,3,52,0.8009688534883721,43
Info Provision,eta_out,3,53,0.9999996604651162,43
Info Provision,eta_out,3,54,0.7879050627906977,43
Info Provision,eta_out,3,55,0.9999979581395348,43
Info Provision,eta_out,3,56,0.7979720441860465,43
Info Provision,eta_out,3,57,0.9999961744186048,43
Info Provision,eta_out,3,58,0.7948288581395349,43
Info Provision,eta_out,3,59,0.9999985279069767,43
Info Provision,eta_out,3,60,0.8530184302325581,43
Info Provision,eta_out,3,61,1.7848402958394053e-09,43
Info Provision,eta_out,3,62,0.9999805186046512,43
Info Provision,eta_out,3,63,5.177159419250986e-10,43
Info Provision,eta_out,3,64,0.9999643744186045,43
Info Provision,eta_out,3,65,8.514794481006591e-10,43
Info Provision,eta_out,3,66,0.9999777744186047,43
Info Provision,eta_out,3,67,0.9999999953488371,43
Info Provision,eta_out,3,68,0.9999768744186047,43
Info Provision,eta_out,3,69,1.4710315457838887e-08,43
Info Provision,eta_out,3,70,0.9999836953488372,43
Info Provision,eta_out,3,71,4.858107841720831e-10,43
Info Provision,eta_out,3,72,0.9999948162790698,43
Info Provision,eta_out,3,73,1.782425044567111e-07,43
Info Provision,eta_out,3,74,0.9999939581395348,43
Info Provision,eta_out,3,75,1.3880877833795342e-09,43
Info Provision,eta_out,3,76,0.9999934488372092,43
Info Provision,eta_out,3,77,1.0,43
Info Provision,eta_out,3,78,0.9999942790697675,43
Info Provision,eta_out,3,79,3.985687988742618e-09,43
Info Provision,eta_out,3,80,0.999996258139535,43
Info Provision,eta_out,3,81,3.051709826448607e-10,43
Info Provision,eta_out,3,82,0.9999957186046512,43
Info Provision,eta_out,3,83,5.942015493632974e-09,43
Info Provision,eta_out,3,84,0.999995376744186,43
Info Provision,eta_out,3,85,1.0,43
Info Provision,eta_out,3,86,0.9999941860465116,43
Info Provision,eta_out,3,87,1.7816010629546497e-08,43
Info Provision,eta_out,3,88,0.9999958604651163,43
Info Provision,eta_out,3,89,1.8074963941390417e-10,43
Info Provision,eta_out,3,90,0.9999985,43
Info Provision,eta_out,3,91,0.9999981139534883,43
Info Provision,eta_out,3,92,0.6379722023255814,43
Info Provision,eta_out,3,93,0.9999994069767442,43
Info Provision,eta_out,3,94,0.6362516488372093,43
Info Provision,eta_out,3,95,0.999995169767442,43
Info Provision,eta_out,3,96,0.6570978372093023,43
Info Provision,eta_out,3,97,0.9999938720930232,43
Info Provision,eta_out,3,98,0.6496442348837209,43
Info Provision,eta_out,3,99,0.9999977418604652,43
Info Provision,eta_out,3,100,0.6982308488372093,43
Info Provision,eta_out,3,101,0.9999995255813954,43
Info Provision,eta_out,3,102,0.889463230232558,43
Info Provision,eta_out,3,103,0.9975336558139535,43
Info Provision,eta_out,3,104,0.9353714744186046,43
Info Provision,eta_out,3,105,0.9999992255813954,43
Info Provision,eta_out,3,106,0.9233498837209303,43
Info Provision,eta_out,3,107,0.9999997395348839,43
Info Provision,eta_out,3,108,0.9351851837209303,43
Info Provision,eta_out,3,109,0.9999994279069768,43
Info Provision,eta_out,3,110,0.9399007023255813,43
Info Provision,eta_out,3,111,1.0518186610295165e-09,43
Info Provision,eta_out,3,112,0.8929964023255813,43
Info Provision,eta_out,3,113,0.997160511627907,43
Info Provision,eta_out,3,114,0.8907249488372094,43
Info Provision,eta_out,3,115,5.16673760379753e-10,43
Info Provision,eta_out,3,116,0.9086493418604651,43
Info Provision,eta_out,3,117,0.9852235325581395,43
Info Provision,eta_out,3,118,0.9129972953488372,43
Info Provision,eta_out,3,119,4.602851589002979e-10,43
Info Provision,eta_out,3,120,0.9864189581395348,43
Info Provision,eta_out,3,121,0.9999970325581395,43
Info Provision,eta_out,3,122,0.999987176744186,43
Info Provision,eta_out,3,123,0.9999982674418605,43
Info Provision,eta_out,3,124,0.997139041860465,43
Info Provision,eta_out,3,125,0.9999969325581396,43
Info Provision,eta_out,3,126,0.9994658302325582,43
Info Provision,eta_out,3,127,0.9999983767441861,43
Info Provision,eta_out,3,128,0.9374310348837209,43
Info Provision,eta_out,3,129,0.9999973441860466,43
Info Provision,eta_out,3,130,0.9999948395348838,43
Info Provision,eta_out,3,131,0.9178857302325582,43
Info Provision,eta_out,3,132,0.4684234674418604,43
Info Provision,eta_out,3,133,0.9005405558139535,43
Info Provision,eta_out,3,134,0.47148623720930233,43
Info Provision,eta_out,3,135,0.9559687046511628,43
Info Provision,eta_out,3,136,0.48037871860465114,43
Info Provision,eta_out,3,137,0.9166551813953489,43
Info Provision,eta_out,3,138,0.4849449348837209,43
Info Provision,eta_out,3,139,0.9960661488372092,43
Info Provision,eta_out,3,140,0.5016547255813953,43
Info Provision,eta_out,3,141,6.865002226065139e-11,43
Info Provision,eta_out,3,142,0.9999969744186047,43
Info Provision,eta_out,3,143,1.2139485583847333e-09,43
Info Provision,eta_out,3,144,0.9999964418604652,43
Info Provision,eta_out,3,145,2.5365549759773235e-10,43
Info Provision,eta_out,3,146,0.999996,43
Info Provision,eta_out,3,147,2.8544592336998417e-10,43
Info Provision,eta_out,3,148,0.9999974790697674,43
Info Provision,eta_out,3,149,8.14002704706728e-11,43
Info Provision,eta_out,3,150,0.9999985139534884,43
Info Provision,eta_out,3,151,0.9999994372093024,43
Info Provision,eta_out,3,152,0.7050572023255814,43
Info Provision,eta_out,3,153,0.9765495,43
Info Provision,eta_out,3,154,0.7912460046511629,43
Info Provision,eta_out,3,155,0.9999998813953488,43
Info Provision,eta_out,3,156,0.7331175372093024,43
Info Provision,eta_out,3,157,0.9999988162790698,43
Info Provision,eta_out,3,158,0.7033849976744185,43
Info Provision,eta_out,3,159,0.9991311279069767,43
Info Provision,eta_out,3,160,0.7686384186046511,43
Info Provision,eta_out,3,161,0.9999999744186047,43
Info Provision,eta_out,3,162,0.9581494488372094,43
Info Provision,eta_out,3,163,8.437092806888309e-10,43
Info Provision,eta_out,3,164,0.9852813813953488,43
Info Provision,eta_out,3,165,1.2148953170906865e-09,43
Info Provision,eta_out,3,166,0.9887598720930233,43
Info Provision,eta_out,3,167,1.0,43
Info Provision,eta_out,3,168,0.9493991162790698,43
Info Provision,eta_out,3,169,0.9999999976744186,43
Info Provision,eta_out,3,170,0.9999798465116279,43
Info Provision,eta_out,3,171,0.9999853139534884,43
Info Provision,eta_out,3,172,0.6086692627906977,43
Info Provision,eta_out,3,173,0.9999913720930232,43
Info Provision,eta_out,3,174,0.6130366627906977,43
Info Provision,eta_out,3,175,0.9999964930232558,43
Info Provision,eta_out,3,176,0.6160955534883721,43
Info Provision,eta_out,3,177,0.9999869627906977,43
Info Provision,eta_out,3,178,0.6425302813953488,43
Info Provision,eta_out,3,179,0.9999998325581395,43
Info Provision,eta_out,3,180,0.686323958139535,43
Info Provision,eta_out,3,181,0.9999972930232558,43
Info Provision,eta_out,3,182,0.6758691883720931,43
Info Provision,eta_out,3,183,0.9999974441860465,43
Info Provision,eta_out,3,184,0.6572199255813953,43
Info Provision,eta_out,3,185,0.9999974860465116,43
Info Provision,eta_out,3,186,0.6706507930232558,43
Info Provision,eta_out,3,187,0.9999973744186047,43
Info Provision,eta_out,3,188,0.6468558558139536,43
Info Provision,eta_out,3,189,0.9999969744186047,43
Info Provision,eta_out,3,190,0.6876943860465117,43
Info Provision,eta_out,3,191,5.742281298627684e-10,43
Info Provision,eta_out,3,192,0.9999875465116279,43
Info Provision,eta_out,3,193,1.0,43
Info Provision,eta_out,3,194,0.999984334883721,43
Info Provision,eta_out,3,195,1.0,43
Info Provision,eta_out,3,196,0.9999833209302327,43
Info Provision,eta_out,3,197,0.9999999627906977,43
Info Provision,eta_out,3,198,0.9999859674418604,43
Info Provision,eta_out,3,199,3.51047955119924e-09,43
Info Provision,eta_out,3,200,0.9999895093023256,43
Info Provision,eta_out,3,201,1.0,43
Info Provision,eta_out,3,202,0.8672864837209303,43
Info Provision,eta_out,3,203,0.9999994279069767,43
Info Provision,eta_out,3,204,0.8659469953488372,43
Info Provision,eta_out,3,205,3.4690318680228247e-09,43
Info Provision,eta_out,3,206,0.876986276744186,43
Info Provision,eta_out,3,207,5.486622627059987e-09,43
Info Provision,eta_out,3,208,0.8869508441860465,43
Info Provision,eta_out,3,209,0.999999988372093,43
Info Provision,eta_out,3,210,0.9103608860465117,43
Info Provision,eta_out,3,211,0.9999999697674419,43
Info Provision,eta_out,3,212,0.7651507813953488,43
Info Provision,eta_out,3,213,6.777039849277073e-09,43
Info Provision,eta_out,3,214,0.768215053488372,43
Info Provision,eta_out,3,215,6.791722829762755e-09,43
Info Provision,eta_out,3,216,0.7888263674418605,43
Info Provision,eta_out,3,217,0.999999834883721,43
Info Provision,eta_out,3,218,0.7674314930232558,43
Info Provision,eta_out,3,219,0.9999999953488371,43
Info Provision,eta_out,3,220,0.8216203627906977,43
Info Provision,eta_out,3,221,0.9989804744186047,43
Info Provision,eta_out,3,222,0.6220535023255814,43
Info Provision,eta_out,3,223,0.996764311627907,43
Info Provision,eta_out,3,224,0.6029149162790698,43
Info Provision,eta_out,3,225,0.9999865023255815,43
Info Provision,eta_out,3,226,0.6077885790697675,43
Info Provision,eta_out,3,227,0.9995159255813953,43
Info Provision,eta_out,3,228,0.5835042837209302,43
Info Provision,eta_out,3,229,0.9999800860465116,43
Info Provision,eta_out,3,230,0.6183293813953488,43
Info Provision,eta_out,3,231,0.999999953488372,43
Info Provision,eta_out,3,232,0.9999754813953489,43
Info Provision,eta_out,3,233,0.9999999860465116,43
Info Provision,eta_out,3,234,0.9999773046511627,43
Info Provision,eta_out,3,235,0.9999997488372093,43
Info Provision,eta_out,3,236,0.9999638813953488,43
Info Provision,eta_out,3,237,0.9999997093023256,43
Info Provision,eta_out,3,238,0.9999738534883721,43
Info Provision,eta_out,3,239,0.9999999813953487,43
Info Provision,eta_out,3,240,0.9999846023255814,43
Info Provision,eta_out,3,241,0.9999988837209303,43
Info Provision,eta_out,3,242,0.937046465116279,43
Info Provision,eta_out,3,243,0.9999988930232557,43
Info Provision,eta_out,3,244,0.9165139860465117,43
Info Provision,eta_out,3,245,0.9999993860465117,43
Info Provision,eta_out,3,246,0.9334583232558139,43
Info Provision,eta_out,3,247,0.9999990813953489,43
Info Provision,eta_out,3,248,0.9043659209302326,43
Info Provision,eta_out,3,249,0.999999369767442,43
Info Provision,eta_out,3,250,0.9656567302325582,43
Info Provision,eta_out,3,251,0.9999999953488371,43
Info Provision,eta_out,3,252,0.9999926441860465,43
Info Provision,eta_out,3,253,0.9999999906976744,43
Info Provision,eta_out,3,254,0.9999924465116279,43
Info Provision,eta_out,3,255,0.9999999813953487,43
Info Provision,eta_out,3,256,0.9999901441860465,43
Info Provision,eta_out,3,257,0.9999999604651163,43
Info Provision,eta_out,3,258,0.9999934441860465,43
Info Provision,eta_out,3,259,0.9999999953488371,43
Info Provision,eta_out,3,260,0.9999963000000001,43
Info Provision,eta_out,3,261,0.9999985534883721,43
Info Provision,eta_out,3,262,0.7819480162790698,43
Info Provision,eta_out,3,263,0.999999534883721,43
Info Provision,eta_out,3,264,0.8159222023255814,43
Info Provision,eta_out,3,265,0.9999994651162791,43
Info Provision,eta_out,3,266,0.826566923255814,43
Info Provision,eta_out,3,267,0.9999995720930233,43
Info Provision,eta_out,3,268,0.8545013139534883,43
Info Provision,eta_out,3,269,0.9999949511627907,43
Info Provision,eta_out,3,270,0.9509166046511628,43
Info Provision,eta_out,3,271,1.0,43
Info Provision,eta_out,3,272,0.9999955674418606,43
Info Provision,eta_out,3,273,8.787090552634549e-10,43
Info Provision,eta_out,3,274,0.9999955302325582,43
Info Provision,eta_out,3,275,1.0,43
Info Provision,eta_out,3,276,0.9999944116279069,43
Info Provision,eta_out,3,277,6.880548056162727e-10,43
Info Provision,eta_out,3,278,0.9999959418604651,43
Info Provision,eta_out,3,279,7.757427838188477e-10,43
Info Provision,eta_out,3,280,0.9999982860465116,43
Info Provision,eta_out,3,281,3.355525184976707e-10,43
Info Provision,eta_out,3,282,0.9999956372093024,43
Info Provision,eta_out,3,283,1.0,43
Info Provision,eta_out,3,284,0.9999954093023257,43
Info Provision,eta_out,3,285,4.444530931871304e-10,43
Info Provision,eta_out,3,286,0.9999926255813955,43
Info Provision,eta_out,3,287,2.6784906068069595e-09,43
Info Provision,eta_out,3,288,0.9999955209302326,43
Info Provision,eta_out,3,289,1.3332176313078023e-10,43
Info Provision,eta_out,3,290,0.9999987395348837,43
Info Provision,eta_out,3,291,0.7360174418604651,43
Info Provision,eta_out,3,292,0.4908628279069767,43
Info Provision,eta_out,3,293,0.735242123255814,43
Info Provision,eta_out,3,294,0.47606037674418605,43
Info Provision,eta_out,3,295,0.7851582930232558,43
Info Provision,eta_out,3,296,0.4854686930232558,43
Info Provision,eta_out,3,297,0.7441623720930233,43
Info Provision,eta_out,3,298,0.46292195348837206,43
Info Provision,eta_out,3,299,0.7961446790697675,43
Info Provision,eta_out,3,300,0.49396676976744186,43
Info Provision,eta_out,3,301,0.9999999441860465,43
Info Provision,eta_out,3,302,0.9809580860465116,43
Info Provision,eta_out,3,303,0.999999530232558,43
Info Provision,eta_out,3,304,0.9933964279069768,43
Info Provision,eta_out,3,305,0.9999998720930232,43
Info Provision,eta_out,3,306,0.9998627558139535,43
Info Provision,eta_out,3,307,0.9999998999999999,43
Info Provision,eta_out,3,308,0.9999229930232558,43
Info Provision,eta_out,3,309,0.9999999255813953,43
Info Provision,eta_out,3,310,0.9999894418604651,43
Info Provision,eta_out,3,311,0.9999999651162792,43
Info Provision,eta_out,3,312,0.9999882906976744,43
Info Provision,eta_out,3,313,0.9999998906976745,43
Info Provision,eta_out,3,314,0.9999874511627906,43
Info Provision,eta_out,3,315,0.9999998837209302,43
Info Provision,eta_out,3,316,0.9999907534883721,43
Info Provision,eta_out,3,317,2.743129936590691e-09,43
Info Provision,eta_out,3,318,0.9999931604651163,43
Info Provision,eta_out,3,319,0.9999998976744185,43
Info Provision,eta_out,3,320,0.9999964627906976,43
Info Provision,eta_out,3,321,0.9999998209302327,43
Info Provision,eta_out,3,322,0.6475583441860465,43
Info Provision,eta_out,3,323,0.9499472139534884,43
Info Provision,eta_out,3,324,0.6792813418604652,43
Info Provision,eta_out,3,325,0.9999999697674419,43
Info Provision,eta_out,3,326,0.6633836139534884,43
Info Provision,eta_out,3,327,0.875968023255814,43
Info Provision,eta_out,3,328,0.6856192139534883,43
Info Provision,eta_out,3,329,7.513001583909058e-10,43
Info Provision,eta_out,3,330,0.7570938837209302,43
Info Provision,eta_out,3,331,0.9999983906976745,43
Info Provision,eta_out,3,332,0.688053611627907,43
Info Provision,eta_out,3,333,0.9999970860465116,43
Info Provision,eta_out,3,334,0.6778975069767442,43
Info Provision,eta_out,3,335,0.9999978651162791,43
Info Provision,eta_out,3,336,0.6935811046511628,43
Info Provision,eta_out,3,337,0.9999990000000001,43
Info Provision,eta_out,3,338,0.6767371651162791,43
Info Provision,eta_out,3,339,0.9999975232558139,43
Info Provision,eta_out,3,340,0.7067493139534883,43
Info Provision,eta_out,3,341,0.6700366372093023,43
Info Provision,eta_out,3,342,0.4264066465116279,43
Info Provision,eta_out,3,343,0.6844644,43
Info Provision,eta_out,3,344,0.42337944418604656,43
Info Provision,eta_out,3,345,0.7161304906976744,43
Info Provision,eta_out,3,346,0.43085243720930233,43
Info Provision,eta_out,3,347,0.7122190302325582,43
Info Provision,eta_out,3,348,0.42044091860465116,43
Info Provision,eta_out,3,349,0.7066629604651163,43
Info Provision,eta_out,3,350,0.4486446558139535,43
Info Provision,eta_out,3,351,0.9999999860465116,43
Info Provision,eta_out,3,352,0.999986576744186,43
Info Provision,eta_out,3,353,0.9999999697674419,43
Info Provision,eta_out,3,354,0.9999815953488372,43
Info Provision,eta_out,3,355,0.9999999697674419,43
Info Provision,eta_out,3,356,0.9999860627906977,43
Info Provision,eta_out,3,357,0.9999999930232559,43
Info Provision,eta_out,3,358,0.9999862465116279,43
Info Provision,eta_out,3,359,0.9999999395348836,43
Info Provision,eta_out,3,360,0.9999944813953487,43
Info Provision,eta_out,3,361,6.15742660145844e-10,43
Info Provision,eta_out,3,362,0.9999130093023255,43
Info Provision,eta_out,3,363,2.5178920785697493e-09,43
Info Provision,eta_out,3,364,0.9999869279069766,43
Info Provision,eta_out,3,365,1.5288462392824185e-10,43
Info Provision,eta_out,3,366,0.9999878627906976,43
Info Provision,eta_out,3,367,0.9999999953488371,43
Info Provision,eta_out,3,368,0.9985554999999999,43
Info Provision,eta_out,3,369,1.0,43
Info Provision,eta_out,3,370,0.9999902860465116,43
Info Provision,eta_out,3,371,0.9999996581395348,43
Info Provision,eta_out,3,372,0.910800276744186,43
Info Provision,eta_out,3,373,0.9999996488372094,43
Info Provision,eta_out,3,374,0.9355084627906977,43
Info Provision,eta_out,3,375,0.9999990813953489,43
Info Provision,eta_out,3,376,0.923689576744186,43
Info Provision,eta_out,3,377,0.9999993,43
Info Provision,eta_out,3,378,0.9388733883720931,43
Info Provision,eta_out,3,379,0.9999979627906976,43
Info Provision,eta_out,3,380,0.9991887465116279,43
Info Provision,eta_out,3,381,0.6072598186046512,43
Info Provision,eta_out,3,382,0.30201088372093027,43
Info Provision,eta_out,3,383,0.6465175418604651,43
Info Provision,eta_out,3,384,0.3074417232558139,43
Info Provision,eta_out,3,385,0.6035027302325581,43
Info Provision,eta_out,3,386,0.32107411627906973,43
Info Provision,eta_out,3,387,0.6053831720930233,43
Info Provision,eta_out,3,388,0.29729794186046515,43
Info Provision,eta_out,3,389,0.6462927534883721,43
Info Provision,eta_out,3,390,0.32966382325581395,43
Info Provision,eta_out,3,391,7.707027661162791e-07,43
Info Provision,eta_out,3,392,0.08920217046511629,43
Info Provision,eta_out,3,393,1.592123321127907e-06,43
Info Provision,eta_out,3,394,2.496947621790697e-07,43
Info Provision,eta_out,3,395,0.08880053255813954,43
Info Provision,eta_out,3,396,0.08265944209302326,43
Info Provision,eta_out,3,397,5.543675359737209e-07,43
Info Provision,eta_out,3,398,6.153986130325581e-07,43
Info Provision,eta_out,3,399,0.10871743255813954,43
Info Provision,eta_out,3,400,0.06493778348837209,43
Shutting Down Application Costs,eta_out,3,1,0.9870633203703704,54
Shutting Down Application Costs,eta_out,3,2,0.9999989148148147,54
Shutting Down Application Costs,eta_out,3,3,0.9999960129629629,54
Shutting Down Application Costs,eta_out,3,4,0.9391517537037037,54
Shutting Down Application Costs,eta_out,3,5,0.9999923148148149,54
Shutting Down Application Costs,eta_out,3,6,0.9999999277777777,54
Shutting Down Application Costs,eta_out,3,7,0.9999982722222223,54
Shutting Down Application Costs,eta_out,3,8,0.9999569314814815,54
Shutting Down Application Costs,eta_out,3,9,0.9806297555555555,54
Shutting Down Application Costs,eta_out,3,10,0.9999995333333332,54
Shutting Down Application Costs,eta_out,3,11,1.6667319037076948e-07,54
Shutting Down Application Costs,eta_out,3,12,0.8959742574074073,54
Shutting Down Application Costs,eta_out,3,13,3.466495854018496e-07,54
Shutting Down Application Costs,eta_out,3,14,0.6240302444444444,54
Shutting Down Application Costs,eta_out,3,15,9.675876935925461e-08,54
Shutting Down Application Costs,eta_out,3,16,0.9238912833333333,54
Shutting Down Application Costs,eta_out,3,17,0.9999999074074074,54
Shutting Down Application Costs,eta_out,3,18,0.727025175925926,54
Shutting Down Application Costs,eta_out,3,19,1.4377707916481194e-07,54
Shutting Down Application Costs,eta_out,3,20,0.8997424203703703,54
Shutting Down Application Costs,eta_out,3,21,0.9058666222222223,54
Shutting Down Application Costs,eta_out,3,22,0.38215516111111114,54
Shutting Down Application Costs,eta_out,3,23,0.9668466981481482,54
Shutting Down Application Costs,eta_out,3,24,0.180218612962963,54
Shutting Down Application Costs,eta_out,3,25,0.8554080425925926,54
Shutting Down Application Costs,eta_out,3,26,0.39498856666666665,54
Shutting Down Application Costs,eta_out,3,27,0.8245214074074073,54
Shutting Down Application Costs,eta_out,3,28,0.25449392407407406,54
Shutting Down Application Costs,eta_out,3,29,0.9435365185185185,54
Shutting Down Application Costs,eta_out,3,30,0.3654831148148148,54
Shutting Down Application Costs,eta_out,3,31,0.4233747,54
Shutting Down Application Costs,eta_out,3,32,0.5884001759259259,54
Shutting Down Application Costs,eta_out,3,33,0.39142050185185184,54
Shutting Down Application Costs,eta_out,3,34,0.272244,54
Shutting Down Application Costs,eta_out,3,35,0.463774337037037,54
Shutting Down Application Costs,eta_out,3,36,0.5724618351851851,54
Shutting Down Application Costs,eta_out,3,37,0.3961181092592593,54
Shutting Down Application Costs,eta_out,3,38,0.41719857407407407,54
Shutting Down Application Costs,eta_out,3,39,0.5314411851851852,54
Shutting Down Application Costs,eta_out,3,40,0.5367805555555555,54
Shutting Down Application Costs,eta_out,3,41,3.343365613613052e-08,54
Shutting Down Application Costs,eta_out,3,42,1.0,54
Shutting Down Application Costs,eta_out,3,43,9.062421828870626e-08,54
Shutting Down Application Costs,eta_out,3,44,0.9999404333333333,54
Shutting Down Application Costs,eta_out,3,45,2.021279667592127e-08,54
Shutting Down Application Costs,eta_out,3,46,1.0,54
Shutting Down Application Costs,eta_out,3,47,4.935162398750796e-07,54
Shutting Down Application Costs,eta_out,3,48,0.9999960037037037,54
Shutting Down Application Costs,eta_out,3,49,3.510994149073808e-08,54
Shutting Down Application Costs,eta_out,3,50,1.0,54
Shutting Down Application Costs,eta_out,3,51,0.9998780148148149,54
Shutting Down Application Costs,eta_out,3,52,0.951740587037037,54
Shutting Down Application Costs,eta_out,3,53,0.9999638111111111,54
Shutting Down Application Costs,eta_out,3,54,0.6892410685185185,54
Shutting Down Application Costs,eta_out,3,55,0.9998332314814815,54
Shutting Down Application Costs,eta_out,3,56,0.9507316018518518,54
Shutting Down Application Costs,eta_out,3,57,0.9999331851851851,54
Shutting Down Application Costs,eta_out,3,58,0.7923956407407408,54
Shutting Down Application Costs,eta_out,3,59,0.9999762777777778,54
Shutting Down Application Costs,eta_out,3,60,0.9561388203703705,54
Shutting Down Application Costs,eta_out,3,61,6.410431349879923e-08,54
Shutting Down Application Costs,eta_out,3,62,0.9999986166666667,54
Shutting Down Application Costs,eta_out,3,63,4.4704076412962905e-07,54
Shutting Down Application Costs,eta_out,3,64,0.9490360055555556,54
Shutting Down Application Costs,eta_out,3,65,3.1689721038737584e-08,54
Shutting Down Application Costs,eta_out,3,66,0.999999987037037,54
Shutting Down Application Costs,eta_out,3,67,0.9999999518518519,54
Shutting Down Application Costs,eta_out,3,68,0.9999265870370371,54
Shutting Down Application Costs,eta_out,3,69,7.206126116851581e-08,54
Shutting Down Application Costs,eta_out,3,70,0.999995262962963,54
Shutting Down Application Costs,eta_out,3,71,4.60433874218683e-08,54
Shutting Down Application Costs,eta_out,3,72,0.9999999944444445,54
Shutting Down Application Costs,eta_out,3,73,3.216081332259254e-07,54
Shutting Down Application Costs,eta_out,3,74,0.9999103611111111,54
Shutting Down Application Costs,eta_out,3,75,2.2762131390333883e-08,54
Shutting Down Application Costs,eta_out,3,76,1.0,54
Shutting Down Application Costs,eta_out,3,77,0.9999999851851852,54
Shutting Down Application Costs,eta_out,3,78,0.9999990666666667,54
Shutting Down Application Costs,eta_out,3,79,5.179353753888618e-08,54
Shutting Down Application Costs,eta_out,3,80,0.9999999796296296,54
Shutting Down Application Costs,eta_out,3,81,2.139353934167207e-08,54
Shutting Down Application Costs,eta_out,3,82,0.9999997129629629,54
Shutting Down Application Costs,eta_out,3,83,1.0886763333653447e-07,54
Shutting Down Application Costs,eta_out,3,84,0.9999402555555555,54
Shutting Down Application Costs,eta_out,3,85,0.9999999814814815,54
Shutting Down Application Costs,eta_out,3,86,0.9999998055555556,54
Shutting Down Application Costs,eta_out,3,87,7.601474010399667e-07,54
Shutting Down Application Costs,eta_out,3,88,0.999997775925926,54
Shutting Down Application Costs,eta_out,3,89,2.330676754073769e-08,54
Shutting Down Application Costs,eta_out,3,90,0.9999995555555556,54
Shutting Down Application Costs,eta_out,3,91,0.9998162518518519,54
Shutting Down Application Costs,eta_out,3,92,0.7897905333333334,54
Shutting Down Application Costs,eta_out,3,93,0.9999544129629631,54
Shutting Down Application Costs,eta_out,3,94,0.5338423962962963,54
Shutting Down Application Costs,eta_out,3,95,0.9998641907407408,54
Shutting Down Application Costs,eta_out,3,96,0.8016382555555555,54
Shutting Down Application Costs,eta_out,3,97,0.9998801703703704,54
Shutting Down Application Costs,eta_out,3,98,0.634876437037037,54
Shutting Down Application Costs,eta_out,3,99,0.9999459296296296,54
Shutting Down Application Costs,eta_out,3,100,0.7897724685185185,54
Shutting Down Application Costs,eta_out,3,101,0.9999785240740741,54
Shutting Down Application Costs,eta_out,3,102,0.9988724814814814,54
Shutting Down Application Costs,eta_out,3,103,0.9859842537037037,54
Shutting Down Application Costs,eta_out,3,104,0.8151356296296297,54
Shutting Down Application Costs,eta_out,3,105,0.9999946351851852,54
Shutting Down Application Costs,eta_out,3,106,0.9995075407407407,54
Shutting Down Application Costs,eta_out,3,107,0.9999727333333334,54
Shutting Down Application Costs,eta_out,3,108,0.9263963555555556,54
Shutting Down Application Costs,eta_out,3,109,0.9999341259259259,54
Shutting Down Application Costs,eta_out,3,110,0.9986575833333333,54
Shutting Down Application Costs,eta_out,3,111,6.497377509444234e-08,54
Shutting Down Application Costs,eta_out,3,112,0.9752216037037037,54
Shutting Down Application Costs,eta_out,3,113,0.9936000518518519,54
Shutting Down Application Costs,eta_out,3,114,0.7566145166666667,54
Shutting Down Application Costs,eta_out,3,115,1.2160899864999954e-07,54
Shutting Down Application Costs,eta_out,3,116,0.981623075925926,54
Shutting Down Application Costs,eta_out,3,117,0.9847365259259259,54
Shutting Down Application Costs,eta_out,3,118,0.8507908,54
Shutting Down Application Costs,eta_out,3,119,1.436392318629617e-07,54
Shutting Down Application Costs,eta_out,3,120,0.993631161111111,54
Shutting Down Application Costs,eta_out,3,121,0.9999780685185186,54
Shutting Down Application Costs,eta_out,3,122,0.9999978925925925,54
Shutting Down Application Costs,eta_out,3,123,0.9999718333333334,54
Shutting Down Application Costs,eta_out,3,124,0.9596744296296296,54
Shutting Down Application Costs,eta_out,3,125,0.9999778907407408,54
Shutting Down Application Costs,eta_out,3,126,0.9999994611111112,54
Shutting Down Application Costs,eta_out,3,127,0.9999730092592592,54
Shutting Down Application Costs,eta_out,3,128,0.999214325925926,54
Shutting Down Application Costs,eta_out,3,129,0.9999747518518518,54
Shutting Down Application Costs,eta_out,3,130,0.9999983703703704,54
Shutting Down Application Costs,eta_out,3,131,0.8135554722222222,54
Shutting Down Application Costs,eta_out,3,132,0.43124151666666666,54
Shutting Down Application Costs,eta_out,3,133,0.7893734537037036,54
Shutting Down Application Costs,eta_out,3,134,0.32119865740740744,54
Shutting Down Application Costs,eta_out,3,135,0.8338300444444444,54
Shutting Down Application Costs,eta_out,3,136,0.43770372962962967,54
Shutting Down Application Costs,eta_out,3,137,0.8239286203703704,54
Shutting Down Application Costs,eta_out,3,138,0.36182472777777774,54
Shutting Down Application Costs,eta_out,3,139,0.9073609777777778,54
Shutting Down Application Costs,eta_out,3,140,0.42650813703703705,54
Shutting Down Application Costs,eta_out,3,141,2.2722171222109103e-08,54
Shutting Down Application Costs,eta_out,3,142,0.9999999944444445,54
Shutting Down Application Costs,eta_out,3,143,1.1856840977220149e-07,54
Shutting Down Application Costs,eta_out,3,144,0.9999473092592593,54
Shutting Down Application Costs,eta_out,3,145,1.5022494819830176e-08,54
Shutting Down Application Costs,eta_out,3,146,0.9999996722222222,54
Shutting Down Application Costs,eta_out,3,147,8.107816347957964e-07,54
Shutting Down Application Costs,eta_out,3,148,0.9999993277777778,54
Shutting Down Application Costs,eta_out,3,149,3.161485561851649e-08,54
Shutting Down Application Costs,eta_out,3,150,0.9999994685185185,54
Shutting Down Application Costs,eta_out,3,151,0.9997589111111111,54
Shutting Down Application Costs,eta_out,3,152,0.7914362888888888,54
Shutting Down Application Costs,eta_out,3,153,0.9826041888888889,54
Shutting Down Application Costs,eta_out,3,154,0.6354354555555555,54
Shutting Down Application Costs,eta_out,3,155,0.9998602611111111,54
Shutting Down Application Costs,eta_out,3,156,0.8133466740740741,54
Shutting Down Application Costs,eta_out,3,157,0.9999648055555556,54
Shutting Down Application Costs,eta_out,3,158,0.6638125185185184,54
Shutting Down Application Costs,eta_out,3,159,0.9987048314814815,54
Shutting Down Application Costs,eta_out,3,160,0.8058607462962962,54
Shutting Down Application Costs,eta_out,3,161,0.9999995555555556,54
Shutting Down Application Costs,eta_out,3,162,0.9995178611111112,54
Shutting Down Application Costs,eta_out,3,163,1.141557859051851e-06,54
Shutting Down Application Costs,eta_out,3,164,0.8950537888888889,54
Shutting Down Application Costs,eta_out,3,165,4.0730130970596846e-08,54
Shutting Down Application Costs,eta_out,3,166,0.9999074907407407,54
Shutting Down Application Costs,eta_out,3,167,0.9999998833333333,54
Shutting Down Application Costs,eta_out,3,168,0.9547210703703704,54
Shutting Down Application Costs,eta_out,3,169,0.9999989203703704,54
Shutting Down Application Costs,eta_out,3,170,0.9999377962962962,54
Shutting Down Application Costs,eta_out,3,171,0.9998115425925925,54
Shutting Down Application Costs,eta_out,3,172,0.637119125925926,54
Shutting Down Application Costs,eta_out,3,173,0.9995230314814815,54
Shutting Down Application Costs,eta_out,3,174,0.48750570555555556,54
Shutting Down Application Costs,eta_out,3,175,0.9999354203703703,54
Shutting Down Application Costs,eta_out,3,176,0.6425970314814814,54
Shutting Down Application Costs,eta_out,3,177,0.9998041185185186,54
Shutting Down Application Costs,eta_out,3,178,0.5556795555555555,54
Shutting Down Application Costs,eta_out,3,179,0.9998550111111112,54
Shutting Down Application Costs,eta_out,3,180,0.6609997055555555,54
Shutting Down Application Costs,eta_out,3,181,0.9854504685185185,54
Shutting Down Application Costs,eta_out,3,182,0.8861882685185185,54
Shutting Down Application Costs,eta_out,3,183,0.9977685907407408,54
Shutting Down Application Costs,eta_out,3,184,0.5693570111111111,54
Shutting Down Application Costs,eta_out,3,185,0.9988521481481482,54
Shutting Down Application Costs,eta_out,3,186,0.8713826851851851,54
Shutting Down Application Costs,eta_out,3,187,0.9830457407407408,54
Shutting Down Application Costs,eta_out,3,188,0.6852495962962963,54
Shutting Down Application Costs,eta_out,3,189,0.9999714222222222,54
Shutting Down Application Costs,eta_out,3,190,0.8330436388888889,54
Shutting Down Application Costs,eta_out,3,191,4.603296901090776e-08,54
Shutting Down Application Costs,eta_out,3,192,0.9999927222222221,54
Shutting Down Application Costs,eta_out,3,193,0.9999999351851853,54
Shutting Down Application Costs,eta_out,3,194,0.931444111111111,54
Shutting Down Application Costs,eta_out,3,195,0.9999999518518519,54
Shutting Down Application Costs,eta_out,3,196,0.9999971944444445,54
Shutting Down Application Costs,eta_out,3,197,0.9999999481481482,54
Shutting Down Application Costs,eta_out,3,198,0.9999499148148148,54
Shutting Down Application Costs,eta_out,3,199,8.416489158703513e-08,54
Shutting Down Application Costs,eta_out,3,200,0.9999905907407408,54
Shutting Down Application Costs,eta_out,3,201,0.9999996074074075,54
Shutting Down Application Costs,eta_out,3,202,0.958103824074074,54
Shutting Down Application Costs,eta_out,3,203,0.999995224074074,54
Shutting Down Application Costs,eta_out,3,204,0.7266142425925927,54
Shutting Down Application Costs,eta_out,3,205,4.756977563333018e-08,54
Shutting Down Application Costs,eta_out,3,206,0.9599161055555555,54
Shutting Down Application Costs,eta_out,3,207,3.3886930886703705e-07,54
Shutting Down Application Costs,eta_out,3,208,0.8343235314814814,54
Shutting Down Application Costs,eta_out,3,209,0.9999987796296296,54
Shutting Down Application Costs,eta_out,3,210,0.9439848981481481,54
Shutting Down Application Costs,eta_out,3,211,0.9999991925925926,54
Shutting Down Application Costs,eta_out,3,212,0.8695377944444445,54
Shutting Down Application Costs,eta_out,3,213,8.857950929481478e-07,54
Shutting Down Application Costs,eta_out,3,214,0.6280908555555555,54
Shutting Down Application Costs,eta_out,3,215,9.71099648936524e-08,54
Shutting Down Application Costs,eta_out,3,216,0.8824924444444444,54
Shutting Down Application Costs,eta_out,3,217,0.9999981499999999,54
Shutting Down Application Costs,eta_out,3,218,0.7184679351851853,54
Shutting Down Application Costs,eta_out,3,219,0.9999997611111111,54
Shutting Down Application Costs,eta_out,3,220,0.8733533685185185,54
Shutting Down Application Costs,eta_out,3,221,0.9519591944444444,54
Shutting Down Application Costs,eta_out,3,222,0.8293969277777777,54
Shutting Down Application Costs,eta_out,3,223,0.9538404296296297,54
Shutting Down Application Costs,eta_out,3,224,0.5215569296296296,54
Shutting Down Application Costs,eta_out,3,225,0.9998594796296296,54
Shutting Down Application Costs,eta_out,3,226,0.8130717370370371,54
Shutting Down Application Costs,eta_out,3,227,0.9697215722222222,54
Shutting Down Application Costs,eta_out,3,228,0.6298124314814815,54
Shutting Down Application Costs,eta_out,3,229,0.9997998166666667,54
Shutting Down Application Costs,eta_out,3,230,0.7721169296296296,54
Shutting Down Application Costs,eta_out,3,231,0.9999992740740742,54
Shutting Down Application Costs,eta_out,3,232,0.9999977740740741,54
Shutting Down Application Costs,eta_out,3,233,0.9999998333333333,54
Shutting Down Application Costs,eta_out,3,234,0.946627862962963,54
Shutting Down Application Costs,eta_out,3,235,0.9999994333333333,54
Shutting Down Application Costs,eta_out,3,236,0.9999999425925926,54
Shutting Down Application Costs,eta_out,3,237,0.999999737037037,54
Shutting Down Application Costs,eta_out,3,238,0.9999729925925926,54
Shutting Down Application Costs,eta_out,3,239,0.9999998499999999,54
Shutting Down Application Costs,eta_out,3,240,0.9999996018518518,54
Shutting Down Application Costs,eta_out,3,241,0.9999834962962963,54
Shutting Down Application Costs,eta_out,3,242,0.9999993074074075,54
Shutting Down Application Costs,eta_out,3,243,0.9999870574074073,54
Shutting Down Application Costs,eta_out,3,244,0.8600660888888889,54
Shutting Down Application Costs,eta_out,3,245,0.9999931925925927,54
Shutting Down Application Costs,eta_out,3,246,0.9999987388888889,54
Shutting Down Application Costs,eta_out,3,247,0.9999811166666667,54
Shutting Down Application Costs,eta_out,3,248,0.9890081888888889,54
Shutting Down Application Costs,eta_out,3,249,0.9999953444444445,54
Shutting Down Application Costs,eta_out,3,250,0.99999875,54
Shutting Down Application Costs,eta_out,3,251,0.9999997203703704,54
Shutting Down Application Costs,eta_out,3,252,1.0,54
Shutting Down Application Costs,eta_out,3,253,0.9999999240740741,54
Shutting Down Application Costs,eta_out,3,254,0.999872687037037,54
Shutting Down Application Costs,eta_out,3,255,0.9999998055555556,54
Shutting Down Application Costs,eta_out,3,256,1.0,54
Shutting Down Application Costs,eta_out,3,257,0.999999925925926,54
Shutting Down Application Costs,eta_out,3,258,0.9999995277777778,54
Shutting Down Application Costs,eta_out,3,259,0.9999999555555555,54
Shutting Down Application Costs,eta_out,3,260,1.0,54
Shutting Down Application Costs,eta_out,3,261,0.9999113870370371,54
Shutting Down Application Costs,eta_out,3,262,0.9699321370370371,54
Shutting Down Application Costs,eta_out,3,263,0.9999947074074074,54
Shutting Down Application Costs,eta_out,3,264,0.7642883277777778,54
Shutting Down Application Costs,eta_out,3,265,0.999984087037037,54
Shutting Down Application Costs,eta_out,3,266,0.9884568796296297,54
Shutting Down Application Costs,eta_out,3,267,0.9999944777777777,54
Shutting Down Application Costs,eta_out,3,268,0.8947379203703704,54
Shutting Down Application Costs,eta_out,3,269,0.9999658203703704,54
Shutting Down Application Costs,eta_out,3,270,0.9999195462962963,54
Shutting Down Application Costs,eta_out,3,271,0.9999999648148148,54
Shutting Down Application Costs,eta_out,3,272,0.9999985833333334,54
Shutting Down Application Costs,eta_out,3,273,1.7504681663277508e-07,54
Shutting Down Application Costs,eta_out,3,274,0.9999502055555555,54
Shutting Down Application Costs,eta_out,3,275,0.9999999851851852,54
Shutting Down Application Costs,eta_out,3,276,0.9999994074074074,54
Shutting Down Application Costs,eta_out,3,277,1.2373524530681483e-06,54
Shutting Down Application Costs,eta_out,3,278,0.9999832314814815,54
Shutting Down Application Costs,eta_out,3,279,2.6175898396294687e-08,54
Shutting Down Application Costs,eta_out,3,280,0.9999996851851852,54
Shutting Down Application Costs,eta_out,3,281,2.1357706092246908e-08,54
Shutting Down Application Costs,eta_out,3,282,0.9999990351851852,54
Shutting Down Application Costs,eta_out,3,283,0.9999999333333334,54
Shutting Down Application Costs,eta_out,3,284,0.9999522092592592,54
Shutting Down Application Costs,eta_out,3,285,1.4833803557773562e-08,54
Shutting Down Application Costs,eta_out,3,286,0.9999999796296296,54
Shutting Down Application Costs,eta_out,3,287,6.723093682240736e-07,54
Shutting Down Application Costs,eta_out,3,288,0.9999953148148149,54
Shutting Down Application Costs,eta_out,3,289,2.1336488613145472e-08,54
Shutting Down Application Costs,eta_out,3,290,0.9999999462962963,54
Shutting Down Application Costs,eta_out,3,291,0.6205265407407408,54
Shutting Down Application Costs,eta_out,3,292,0.641415762962963,54
Shutting Down Application Costs,eta_out,3,293,0.6185055333333332,54
Shutting Down Application Costs,eta_out,3,294,0.3646208833333333,54
Shutting Down Application Costs,eta_out,3,295,0.6974022407407406,54
Shutting Down Application Costs,eta_out,3,296,0.6303067351851852,54
Shutting Down Application Costs,eta_out,3,297,0.6312600907407407,54
Shutting Down Application Costs,eta_out,3,298,0.4633198777777778,54
Shutting Down Application Costs,eta_out,3,299,0.7223248092592592,54
Shutting Down Application Costs,eta_out,3,300,0.5893672444444444,54
Shutting Down Application Costs,eta_out,3,301,0.9999991777777778,54
Shutting Down Application Costs,eta_out,3,302,0.9999981833333332,54
Shutting Down Application Costs,eta_out,3,303,0.9999970666666668,54
Shutting Down Application Costs,eta_out,3,304,0.9432481296296296,54
Shutting Down Application Costs,eta_out,3,305,0.9999997611111111,54
Shutting Down Application Costs,eta_out,3,306,0.9999981759259259,54
Shutting Down Application Costs,eta_out,3,307,0.9999990333333334,54
Shutting Down Application Costs,eta_out,3,308,0.9999366685185186,54
Shutting Down Application Costs,eta_out,3,309,0.9999994,54
Shutting Down Application Costs,eta_out,3,310,0.99999575,54
Shutting Down Application Costs,eta_out,3,311,0.9999997018518519,54
Shutting Down Application Costs,eta_out,3,312,0.9999999777777778,54
Shutting Down Application Costs,eta_out,3,313,0.999999351851852,54
Shutting Down Application Costs,eta_out,3,314,0.9998503907407407,54
Shutting Down Application Costs,eta_out,3,315,0.9999999055555555,54
Shutting Down Application Costs,eta_out,3,316,0.9999999777777778,54
Shutting Down Application Costs,eta_out,3,317,2.2302171743759165e-07,54
Shutting Down Application Costs,eta_out,3,318,0.9999989703703703,54
Shutting Down Application Costs,eta_out,3,319,0.9999999296296296,54
Shutting Down Application Costs,eta_out,3,320,0.99999995,54
Shutting Down Application Costs,eta_out,3,321,0.9999942537037037,54
Shutting Down Application Costs,eta_out,3,322,0.7323931851851853,54
Shutting Down Application Costs,eta_out,3,323,0.86250195,54
Shutting Down Application Costs,eta_out,3,324,0.5326749444444444,54
Shutting Down Application Costs,eta_out,3,325,0.9999982537037037,54
Shutting Down Application Costs,eta_out,3,326,0.7403646981481481,54
Shutting Down Application Costs,eta_out,3,327,0.76541025,54
Shutting Down Application Costs,eta_out,3,328,0.6164910888888889,54
Shutting Down Application Costs,eta_out,3,329,1.566170478462946e-07,54
Shutting Down Application Costs,eta_out,3,330,0.7775551796296296,54
Shutting Down Application Costs,eta_out,3,331,0.9998764296296296,54
Shutting Down Application Costs,eta_out,3,332,0.8980299685185186,54
Shutting Down Application Costs,eta_out,3,333,0.9998443666666667,54
Shutting Down Application Costs,eta_out,3,334,0.5941431388888888,54
Shutting Down Application Costs,eta_out,3,335,0.9999812611111111,54
Shutting Down Application Costs,eta_out,3,336,0.8906159907407407,54
Shutting Down Application Costs,eta_out,3,337,0.9998610759259259,54
Shutting Down Application Costs,eta_out,3,338,0.7112978944444445,54
Shutting Down Application Costs,eta_out,3,339,0.9999864092592593,54
Shutting Down Application Costs,eta_out,3,340,0.8511197111111111,54
Shutting Down Application Costs,eta_out,3,341,0.5785331,54
Shutting Down Application Costs,eta_out,3,342,0.553083962962963,54
Shutting Down Application Costs,eta_out,3,343,0.581741824074074,54
Shutting Down Application Costs,eta_out,3,344,0.3259680111111111,54
Shutting Down Application Costs,eta_out,3,345,0.6285638518518518,54
Shutting Down Application Costs,eta_out,3,346,0.5540748481481481,54
Shutting Down Application Costs,eta_out,3,347,0.6066789499999999,54
Shutting Down Application Costs,eta_out,3,348,0.4061266611111111,54
Shutting Down Application Costs,eta_out,3,349,0.6132114814814814,54
Shutting Down Application Costs,eta_out,3,350,0.5226996796296296,54
Shutting Down Application Costs,eta_out,3,351,0.9999997944444444,54
Shutting Down Application Costs,eta_out,3,352,0.999999987037037,54
Shutting Down Application Costs,eta_out,3,353,0.9999997851851852,54
Shutting Down Application Costs,eta_out,3,354,0.9978747018518519,54
Shutting Down Application Costs,eta_out,3,355,0.9999999500000001,54
Shutting Down Application Costs,eta_out,3,356,0.9999999944444445,54
Shutting Down Application Costs,eta_out,3,357,0.999999762962963,54
Shutting Down Application Costs,eta_out,3,358,0.9999861037037037,54
Shutting Down Application Costs,eta_out,3,359,0.999999987037037,54
Shutting Down Application Costs,eta_out,3,360,0.9999993018518518,54
Shutting Down Application Costs,eta_out,3,361,5.282841130003719e-08,54
Shutting Down Application Costs,eta_out,3,362,0.9999998722222222,54
Shutting Down Application Costs,eta_out,3,363,2.7952988472582943e-07,54
Shutting Down Application Costs,eta_out,3,364,0.9813875722222222,54
Shutting Down Application Costs,eta_out,3,365,2.669660504334812e-08,54
Shutting Down Application Costs,eta_out,3,366,0.9999999962962962,54
Shutting Down Application Costs,eta_out,3,367,0.9999999759259259,54
Shutting Down Application Costs,eta_out,3,368,0.9999810518518518,54
Shutting Down Application Costs,eta_out,3,369,0.9999999537037036,54
Shutting Down Application Costs,eta_out,3,370,0.9999988407407407,54
Shutting Down Application Costs,eta_out,3,371,0.9999769055555555,54
Shutting Down Application Costs,eta_out,3,372,0.9993257907407407,54
Shutting Down Application Costs,eta_out,3,373,0.999994074074074,54
Shutting Down Application Costs,eta_out,3,374,0.8398799851851853,54
Shutting Down Application Costs,eta_out,3,375,0.9999673648148147,54
Shutting Down Application Costs,eta_out,3,376,0.9999966388888889,54
Shutting Down Application Costs,eta_out,3,377,0.9999931185185185,54
Shutting Down Application Costs,eta_out,3,378,0.9351448333333333,54
Shutting Down Application Costs,eta_out,3,379,0.9999883777777777,54
Shutting Down Application Costs,eta_out,3,380,0.9999999555555555,54
Shutting Down Application Costs,eta_out,3,381,0.5032040722222222,54
Shutting Down Application Costs,eta_out,3,382,0.3599341370370371,54
Shutting Down Application Costs,eta_out,3,383,0.5421235222222222,54
Shutting Down Application Costs,eta_out,3,384,0.1861411925925926,54
Shutting Down Application Costs,eta_out,3,385,0.5062415703703704,54
Shutting Down Application Costs,eta_out,3,386,0.36951847962962964,54
Shutting Down Application Costs,eta_out,3,387,0.49813110185185183,54
Shutting Down Application Costs,eta_out,3,388,0.23746808148148146,54
Shutting Down Application Costs,eta_out,3,389,0.5481853462962962,54
Shutting Down Application Costs,eta_out,3,390,0.33753465925925924,54
Shutting Down Application Costs,eta_out,3,391,0.00021671839424613332,54
Shutting Down Application Costs,eta_out,3,392,0.16456132222222222,54
Shutting Down Application Costs,eta_out,3,393,0.0003425589987740833,54
Shutting Down Application Costs,eta_out,3,394,0.04263744462962963,54
Shutting Down Application Costs,eta_out,3,395,0.04752100277777777,54
Shutting Down Application Costs,eta_out,3,396,0.16239965555555555,54
Shutting Down Application Costs,eta_out,3,397,0.0003221396103518556,54
Shutting Down Application Costs,eta_out,3,398,0.08936577296296297,54
Shutting Down Application Costs,eta_out,3,399,0.06415375092592593,54
Shutting Down Application Costs,eta_out,3,400,0.13775866111111112,54
Targeted Info Provision,eta_out,3,1,0.9977894707317072,41
Targeted Info Provision,eta_out,3,2,0.999915268292683,41
Targeted Info Provision,eta_out,3,3,0.9999999585365854,41
Targeted Info Provision,eta_out,3,4,0.9999622707317073,41
Targeted Info Provision,eta_out,3,5,0.9999996731707317,41
Targeted Info Provision,eta_out,3,6,0.999974831707317,41
Targeted Info Provision,eta_out,3,7,0.9999992463414634,41
Targeted Info Provision,eta_out,3,8,0.9930096804878049,41
Targeted Info Provision,eta_out,3,9,0.9975016195121952,41
Targeted Info Provision,eta_out,3,10,0.9999934048780488,41
Targeted Info Provision,eta_out,3,11,4.363665629372191e-09,41
Targeted Info Provision,eta_out,3,12,0.7351068512195121,41
Targeted Info Provision,eta_out,3,13,1.7705435233665853e-09,41
Targeted Info Provision,eta_out,3,14,0.7142040487804878,41
Targeted Info Provision,eta_out,3,15,2.841925663168289e-09,41
Targeted Info Provision,eta_out,3,16,0.7524324097560976,41
Targeted Info Provision,eta_out,3,17,0.9999999926829269,41
Targeted Info Provision,eta_out,3,18,0.7132851365853659,41
Targeted Info Provision,eta_out,3,19,1.3850880987996785e-09,41
Targeted Info Provision,eta_out,3,20,0.7942159634146342,41
Targeted Info Provision,eta_out,3,21,0.9999977390243904,41
Targeted Info Provision,eta_out,3,22,0.3159493780487805,41
Targeted Info Provision,eta_out,3,23,0.9999968634146342,41
Targeted Info Provision,eta_out,3,24,0.28781728536585366,41
Targeted Info Provision,eta_out,3,25,0.9717286512195122,41
Targeted Info Provision,eta_out,3,26,0.32409916585365856,41
Targeted Info Provision,eta_out,3,27,0.9514006170731708,41
Targeted Info Provision,eta_out,3,28,0.3066578097560976,41
Targeted Info Provision,eta_out,3,29,0.9995769926829268,41
Targeted Info Provision,eta_out,3,30,0.3495977902439025,41
Targeted Info Provision,eta_out,3,31,0.5633540414634146,41
Targeted Info Provision,eta_out,3,32,0.43133461463414635,41
Targeted Info Provision,eta_out,3,33,0.5149785853658537,41
Targeted Info Provision,eta_out,3,34,0.349451368292683,41
Targeted Info Provision,eta_out,3,35,0.5568488634146341,41
Targeted Info Provision,eta_out,3,36,0.3744294463414634,41
Targeted Info Provision,eta_out,3,37,0.5292247536585366,41
Targeted Info Provision,eta_out,3,38,0.3845311073170732,41
Targeted Info Provision,eta_out,3,39,0.6329147658536586,41
Targeted Info Provision,eta_out,3,40,0.4250482609756097,41
Targeted Info Provision,eta_out,3,41,8.89648822521217e-11,41
Targeted Info Provision,eta_out,3,42,0.9999965975609756,41
Targeted Info Provision,eta_out,3,43,8.014736080965495e-10,41
Targeted Info Provision,eta_out,3,44,0.9999951609756097,41
Targeted Info Provision,eta_out,3,45,6.862089988501935e-10,41
Targeted Info Provision,eta_out,3,46,0.9999972341463416,41
Targeted Info Provision,eta_out,3,47,6.255624262528983e-10,41
Targeted Info Provision,eta_out,3,48,0.999996631707317,41
Targeted Info Provision,eta_out,3,49,3.0489674541943876e-10,41
Targeted Info Provision,eta_out,3,50,0.9999989463414634,41
Targeted Info Provision,eta_out,3,51,0.9999996560975609,41
Targeted Info Provision,eta_out,3,52,0.8577878780487804,41
Targeted Info Provision,eta_out,3,53,0.9999997975609757,41
Targeted Info Provision,eta_out,3,54,0.8214938390243902,41
Targeted Info Provision,eta_out,3,55,0.9999980268292683,41
Targeted Info Provision,eta_out,3,56,0.8294782926829267,41
Targeted Info Provision,eta_out,3,57,0.9999989268292683,41
Targeted Info Provision,eta_out,3,58,0.8278187341463414,41
Targeted Info Provision,eta_out,3,59,0.9999997512195122,41
Targeted Info Provision,eta_out,3,60,0.9023562853658537,41
Targeted Info Provision,eta_out,3,61,5.637991123455781e-11,41
Targeted Info Provision,eta_out,3,62,0.9999913829268292,41
Targeted Info Provision,eta_out,3,63,1.41212185864806e-09,41
Targeted Info Provision,eta_out,3,64,0.9999684512195122,41
Targeted Info Provision,eta_out,3,65,8.028726676690948e-10,41
Targeted Info Provision,eta_out,3,66,0.9999801780487806,41
Targeted Info Provision,eta_out,3,67,1.0,41
Targeted Info Provision,eta_out,3,68,0.9999683902439025,41
Targeted Info Provision,eta_out,3,69,1.6922235056933682e-10,41
Targeted Info Provision,eta_out,3,70,0.9999930731707317,41
Targeted Info Provision,eta_out,3,71,3.306870641844366e-10,41
Targeted Info Provision,eta_out,3,72,0.9999975365853658,41
Targeted Info Provision,eta_out,3,73,1.1886523560521413e-10,41
Targeted Info Provision,eta_out,3,74,0.9999909585365854,41
Targeted Info Provision,eta_out,3,75,1.8407792332195048e-10,41
Targeted Info Provision,eta_out,3,76,0.9999954365853659,41
Targeted Info Provision,eta_out,3,77,1.0,41
Targeted Info Provision,eta_out,3,78,0.9999941414634146,41
Targeted Info Provision,eta_out,3,79,5.02836907801183e-11,41
Targeted Info Provision,eta_out,3,80,0.9999983780487804,41
Targeted Info Provision,eta_out,3,81,9.94870318135467e-10,41
Targeted Info Provision,eta_out,3,82,0.9999975536585366,41
Targeted Info Provision,eta_out,3,83,1.016448693039573e-09,41
Targeted Info Provision,eta_out,3,84,0.9999929317073172,41
Targeted Info Provision,eta_out,3,85,1.0,41
Targeted Info Provision,eta_out,3,86,0.9999974219512195,41
Targeted Info Provision,eta_out,3,87,3.179751293643191e-09,41
Targeted Info Provision,eta_out,3,88,0.9999935926829269,41
Targeted Info Provision,eta_out,3,89,2.962627429693146e-11,41
Targeted Info Provision,eta_out,3,90,0.9999989195121951,41
Targeted Info Provision,eta_out,3,91,0.9999997121951218,41
Targeted Info Provision,eta_out,3,92,0.6836120682926828,41
Targeted Info Provision,eta_out,3,93,0.9999998268292684,41
Targeted Info Provision,eta_out,3,94,0.6592645219512195,41
Targeted Info Provision,eta_out,3,95,0.9999929292682928,41
Targeted Info Provision,eta_out,3,96,0.6774074292682927,41
Targeted Info Provision,eta_out,3,97,0.9999976609756098,41
Targeted Info Provision,eta_out,3,98,0.6735517,41
Targeted Info Provision,eta_out,3,99,0.9999991243902439,41
Targeted Info Provision,eta_out,3,100,0.7352136634146341,41
Targeted Info Provision,eta_out,3,101,0.9999998243902439,41
Targeted Info Provision,eta_out,3,102,0.947692831707317,41
Targeted Info Provision,eta_out,3,103,0.9999995926829267,41
Targeted Info Provision,eta_out,3,104,0.9751714658536587,41
Targeted Info Provision,eta_out,3,105,0.9999996951219513,41
Targeted Info Provision,eta_out,3,106,0.9674494463414633,41
Targeted Info Provision,eta_out,3,107,0.9999984097560976,41
Targeted Info Provision,eta_out,3,108,0.9703549829268293,41
Targeted Info Provision,eta_out,3,109,0.9999988682926829,41
Targeted Info Provision,eta_out,3,110,0.9853180317073171,41
Targeted Info Provision,eta_out,3,111,7.547128090109268e-10,41
Targeted Info Provision,eta_out,3,112,0.9395427707317073,41
Targeted Info Provision,eta_out,3,113,0.9999995951219511,41
Targeted Info Provision,eta_out,3,114,0.9417036536585366,41
Targeted Info Provision,eta_out,3,115,2.2375040252017267e-10,41
Targeted Info Provision,eta_out,3,116,0.9558134634146342,41
Targeted Info Provision,eta_out,3,117,0.9911420268292683,41
Targeted Info Provision,eta_out,3,118,0.9626277853658536,41
Targeted Info Provision,eta_out,3,119,1.5156227770383172e-11,41
Targeted Info Provision,eta_out,3,120,0.9999796756097562,41
Targeted Info Provision,eta_out,3,121,0.9999978560975611,41
Targeted Info Provision,eta_out,3,122,0.9999959097560976,41
Targeted Info Provision,eta_out,3,123,0.999998612195122,41
Targeted Info Provision,eta_out,3,124,0.9999959536585367,41
Targeted Info Provision,eta_out,3,125,0.999997380487805,41
Targeted Info Provision,eta_out,3,126,0.999995968292683,41
Targeted Info Provision,eta_out,3,127,0.9999963146341464,41
Targeted Info Provision,eta_out,3,128,0.9983517756097561,41
Targeted Info Provision,eta_out,3,129,0.9999967073170731,41
Targeted Info Provision,eta_out,3,130,0.999998856097561,41
Targeted Info Provision,eta_out,3,131,0.9698791121951219,41
Targeted Info Provision,eta_out,3,132,0.49432478536585367,41
Targeted Info Provision,eta_out,3,133,0.9658921390243902,41
Targeted Info Provision,eta_out,3,134,0.49510172926829266,41
Targeted Info Provision,eta_out,3,135,0.9961623560975609,41
Targeted Info Provision,eta_out,3,136,0.5009677536585366,41
Targeted Info Provision,eta_out,3,137,0.9727874707317073,41
Targeted Info Provision,eta_out,3,138,0.5070923365853658,41
Targeted Info Provision,eta_out,3,139,1.0,41
Targeted Info Provision,eta_out,3,140,0.5281413024390245,41
Targeted Info Provision,eta_out,3,141,5.983429589358536e-11,41
Targeted Info Provision,eta_out,3,142,0.9999981292682927,41
Targeted Info Provision,eta_out,3,143,1.3596656953484294e-10,41
Targeted Info Provision,eta_out,3,144,0.999993975609756,41
Targeted Info Provision,eta_out,3,145,1.5910565009864363e-10,41
Targeted Info Provision,eta_out,3,146,0.9999983487804878,41
Targeted Info Provision,eta_out,3,147,1.0422774933819912e-09,41
Targeted Info Provision,eta_out,3,148,0.9999961390243902,41
Targeted Info Provision,eta_out,3,149,3.409042766548439e-11,41
Targeted Info Provision,eta_out,3,150,0.9999988926829269,41
Targeted Info Provision,eta_out,3,151,0.9999999975609756,41
Targeted Info Provision,eta_out,3,152,0.7593685268292683,41
Targeted Info Provision,eta_out,3,153,0.9892232780487805,41
Targeted Info Provision,eta_out,3,154,0.8221584487804878,41
Targeted Info Provision,eta_out,3,155,0.999999912195122,41
Targeted Info Provision,eta_out,3,156,0.7608506414634146,41
Targeted Info Provision,eta_out,3,157,0.9999998658536585,41
Targeted Info Provision,eta_out,3,158,0.7346101463414634,41
Targeted Info Provision,eta_out,3,159,1.0,41
Targeted Info Provision,eta_out,3,160,0.8069999195121951,41
Targeted Info Provision,eta_out,3,161,1.0,41
Targeted Info Provision,eta_out,3,162,0.9995504756097561,41
Targeted Info Provision,eta_out,3,163,8.133212353670805e-11,41
Targeted Info Provision,eta_out,3,164,0.9992548243902438,41
Targeted Info Provision,eta_out,3,165,2.5196276244142606e-09,41
Targeted Info Provision,eta_out,3,166,0.9999749341463414,41
Targeted Info Provision,eta_out,3,167,1.0,41
Targeted Info Provision,eta_out,3,168,0.9928220975609756,41
Targeted Info Provision,eta_out,3,169,1.0,41
Targeted Info Provision,eta_out,3,170,0.9999907756097561,41
Targeted Info Provision,eta_out,3,171,0.9999971048780487,41
Targeted Info Provision,eta_out,3,172,0.6502918731707318,41
Targeted Info Provision,eta_out,3,173,0.9999945585365854,41
Targeted Info Provision,eta_out,3,174,0.6532097146341463,41
Targeted Info Provision,eta_out,3,175,0.9999998878048781,41
Targeted Info Provision,eta_out,3,176,0.6504568975609756,41
Targeted Info Provision,eta_out,3,177,0.999988787804878,41
Targeted Info Provision,eta_out,3,178,0.6755763560975611,41
Targeted Info Provision,eta_out,3,179,1.0,41
Targeted Info Provision,eta_out,3,180,0.7289174414634146,41
Targeted Info Provision,eta_out,3,181,0.9999980609756098,41
Targeted Info Provision,eta_out,3,182,0.7553203146341464,41
Targeted Info Provision,eta_out,3,183,0.9999939975609756,41
Targeted Info Provision,eta_out,3,184,0.6985444219512195,41
Targeted Info Provision,eta_out,3,185,0.999995168292683,41
Targeted Info Provision,eta_out,3,186,0.7079459853658536,41
Targeted Info Provision,eta_out,3,187,0.9999978707317074,41
Targeted Info Provision,eta_out,3,188,0.6820925414634147,41
Targeted Info Provision,eta_out,3,189,0.9999920634146341,41
Targeted Info Provision,eta_out,3,190,0.7475309731707317,41
Targeted Info Provision,eta_out,3,191,4.4438096210135733e-10,41
Targeted Info Provision,eta_out,3,192,0.9999917439024391,41
Targeted Info Provision,eta_out,3,193,1.0,41
Targeted Info Provision,eta_out,3,194,0.9999733512195123,41
Targeted Info Provision,eta_out,3,195,1.0,41
Targeted Info Provision,eta_out,3,196,0.9999859512195122,41
Targeted Info Provision,eta_out,3,197,1.0,41
Targeted Info Provision,eta_out,3,198,0.999984543902439,41
Targeted Info Provision,eta_out,3,199,1.8101538001991218e-11,41
Targeted Info Provision,eta_out,3,200,0.9999953195121952,41
Targeted Info Provision,eta_out,3,201,1.0,41
Targeted Info Provision,eta_out,3,202,0.9183335878048781,41
Targeted Info Provision,eta_out,3,203,0.9999998902439023,41
Targeted Info Provision,eta_out,3,204,0.8990609853658535,41
Targeted Info Provision,eta_out,3,205,1.0178369160043124e-08,41
Targeted Info Provision,eta_out,3,206,0.9073109365853658,41
Targeted Info Provision,eta_out,3,207,2.749173740360555e-09,41
Targeted Info Provision,eta_out,3,208,0.9261440975609756,41
Targeted Info Provision,eta_out,3,209,0.9999999975609756,41
Targeted Info Provision,eta_out,3,210,0.954534887804878,41
Targeted Info Provision,eta_out,3,211,1.0,41
Targeted Info Provision,eta_out,3,212,0.8088163048780488,41
Targeted Info Provision,eta_out,3,213,1.2617561039789155e-09,41
Targeted Info Provision,eta_out,3,214,0.7837102878048781,41
Targeted Info Provision,eta_out,3,215,6.089531579508239e-09,41
Targeted Info Provision,eta_out,3,216,0.8026230439024391,41
Targeted Info Provision,eta_out,3,217,0.9999998975609756,41
Targeted Info Provision,eta_out,3,218,0.7897941658536586,41
Targeted Info Provision,eta_out,3,219,0.9999999975609756,41
Targeted Info Provision,eta_out,3,220,0.8485561560975609,41
Targeted Info Provision,eta_out,3,221,0.9999918463414634,41
Targeted Info Provision,eta_out,3,222,0.6922961707317073,41
Targeted Info Provision,eta_out,3,223,0.9999914999999999,41
Targeted Info Provision,eta_out,3,224,0.6391830658536586,41
Targeted Info Provision,eta_out,3,225,0.9999879292682927,41
Targeted Info Provision,eta_out,3,226,0.6380835048780488,41
Targeted Info Provision,eta_out,3,227,0.9999875195121952,41
Targeted Info Provision,eta_out,3,228,0.6167672219512195,41
Targeted Info Provision,eta_out,3,229,0.9999762682926829,41
Targeted Info Provision,eta_out,3,230,0.6785727390243902,41
Targeted Info Provision,eta_out,3,231,0.9999999878048781,41
Targeted Info Provision,eta_out,3,232,0.999990531707317,41
Targeted Info Provision,eta_out,3,233,0.9999999975609756,41
Targeted Info Provision,eta_out,3,234,0.9999763024390244,41
Targeted Info Provision,eta_out,3,235,0.9999999902439025,41
Targeted Info Provision,eta_out,3,236,0.999987956097561,41
Targeted Info Provision,eta_out,3,237,0.9999999512195121,41
Targeted Info Provision,eta_out,3,238,0.9999755219512196,41
Targeted Info Provision,eta_out,3,239,0.9999999926829269,41
Targeted Info Provision,eta_out,3,240,0.9999930487804879,41
Targeted Info Provision,eta_out,3,241,0.9999996048780488,41
Targeted Info Provision,eta_out,3,242,0.9991236682926828,41
Targeted Info Provision,eta_out,3,243,0.9999986463414634,41
Targeted Info Provision,eta_out,3,244,0.9890545585365853,41
Targeted Info Provision,eta_out,3,245,0.999999280487805,41
Targeted Info Provision,eta_out,3,246,0.993528612195122,41
Targeted Info Provision,eta_out,3,247,0.9999996609756098,41
Targeted Info Provision,eta_out,3,248,0.9827428853658536,41
Targeted Info Provision,eta_out,3,249,0.9999990292682926,41
Targeted Info Provision,eta_out,3,250,0.999996943902439,41
Targeted Info Provision,eta_out,3,251,1.0,41
Targeted Info Provision,eta_out,3,252,0.9999977658536586,41
Targeted Info Provision,eta_out,3,253,1.0,41
Targeted Info Provision,eta_out,3,254,0.9999945146341463,41
Targeted Info Provision,eta_out,3,255,0.9999999804878048,41
Targeted Info Provision,eta_out,3,256,0.9999964609756098,41
Targeted Info Provision,eta_out,3,257,0.9999999975609756,41
Targeted Info Provision,eta_out,3,258,0.999995087804878,41
Targeted Info Provision,eta_out,3,259,0.9999999951219511,41
Targeted Info Provision,eta_out,3,260,0.9999986268292683,41
Targeted Info Provision,eta_out,3,261,0.9999997853658538,41
Targeted Info Provision,eta_out,3,262,0.8282598682926829,41
Targeted Info Provision,eta_out,3,263,0.9999998853658537,41
Targeted Info Provision,eta_out,3,264,0.8474142365853659,41
Targeted Info Provision,eta_out,3,265,0.9999990756097561,41
Targeted Info Provision,eta_out,3,266,0.8483415926829269,41
Targeted Info Provision,eta_out,3,267,0.9999992292682927,41
Targeted Info Provision,eta_out,3,268,0.8841043487804878,41
Targeted Info Provision,eta_out,3,269,0.9999992195121952,41
Targeted Info Provision,eta_out,3,270,0.9784164804878048,41
Targeted Info Provision,eta_out,3,271,1.0,41
Targeted Info Provision,eta_out,3,272,0.9999976512195121,41
Targeted Info Provision,eta_out,3,273,6.85933773901766e-11,41
Targeted Info Provision,eta_out,3,274,0.9999932487804878,41
Targeted Info Provision,eta_out,3,275,1.0,41
Targeted Info Provision,eta_out,3,276,0.9999981756097561,41
Targeted Info Provision,eta_out,3,277,9.50689230118975e-10,41
Targeted Info Provision,eta_out,3,278,0.9999963024390244,41
Targeted Info Provision,eta_out,3,279,1.8693135285816098e-11,41
Targeted Info Provision,eta_out,3,280,0.9999990000000001,41
Targeted Info Provision,eta_out,3,281,1.3968048906331465e-10,41
Targeted Info Provision,eta_out,3,282,0.9999969390243901,41
Targeted Info Provision,eta_out,3,283,1.0,41
Targeted Info Provision,eta_out,3,284,0.9999953219512194,41
Targeted Info Provision,eta_out,3,285,1.4408918230651478e-09,41
Targeted Info Provision,eta_out,3,286,0.9999960512195122,41
Targeted Info Provision,eta_out,3,287,3.3153651162338196e-10,41
Targeted Info Provision,eta_out,3,288,0.9999933707317074,41
Targeted Info Provision,eta_out,3,289,1.4481123009998953e-10,41
Targeted Info Provision,eta_out,3,290,0.9999990878048781,41
Targeted Info Provision,eta_out,3,291,0.7807842975609756,41
Targeted Info Provision,eta_out,3,292,0.5465802804878049,41
Targeted Info Provision,eta_out,3,293,0.7803672780487805,41
Targeted Info Provision,eta_out,3,294,0.49989203170731705,41
Targeted Info Provision,eta_out,3,295,0.8337014682926829,41
Targeted Info Provision,eta_out,3,296,0.5056607682926829,41
Targeted Info Provision,eta_out,3,297,0.7878899073170732,41
Targeted Info Provision,eta_out,3,298,0.48642225853658533,41
Targeted Info Provision,eta_out,3,299,0.8481784658536586,41
Targeted Info Provision,eta_out,3,300,0.5383250536585366,41
Targeted Info Provision,eta_out,3,301,0.9999999243902439,41
Targeted Info Provision,eta_out,3,302,0.9999838536585366,41
Targeted Info Provision,eta_out,3,303,0.9999999390243902,41
Targeted Info Provision,eta_out,3,304,0.9999823292682928,41
Targeted Info Provision,eta_out,3,305,0.9999998975609756,41
Targeted Info Provision,eta_out,3,306,0.9999901024390243,41
Targeted Info Provision,eta_out,3,307,0.999999868292683,41
Targeted Info Provision,eta_out,3,308,0.9999925292682927,41
Targeted Info Provision,eta_out,3,309,0.9999997902439024,41
Targeted Info Provision,eta_out,3,310,0.9999966536585366,41
Targeted Info Provision,eta_out,3,311,0.9999999804878048,41
Targeted Info Provision,eta_out,3,312,0.9999947365853659,41
Targeted Info Provision,eta_out,3,313,0.9999999219512195,41
Targeted Info Provision,eta_out,3,314,0.9999903926829269,41
Targeted Info Provision,eta_out,3,315,0.9999999804878048,41
Targeted Info Provision,eta_out,3,316,0.9999960512195122,41
Targeted Info Provision,eta_out,3,317,1.571583644808693e-09,41
Targeted Info Provision,eta_out,3,318,0.9999974268292684,41
Targeted Info Provision,eta_out,3,319,0.9999999682926829,41
Targeted Info Provision,eta_out,3,320,0.9999987048780488,41
Targeted Info Provision,eta_out,3,321,0.9999999658536585,41
Targeted Info Provision,eta_out,3,322,0.6785005195121951,41
Targeted Info Provision,eta_out,3,323,0.9818118195121951,41
Targeted Info Provision,eta_out,3,324,0.7012401804878049,41
Targeted Info Provision,eta_out,3,325,0.9999999975609756,41
Targeted Info Provision,eta_out,3,326,0.6833637585365854,41
Targeted Info Provision,eta_out,3,327,0.9436360195121952,41
Targeted Info Provision,eta_out,3,328,0.7109924609756098,41
Targeted Info Provision,eta_out,3,329,3.069625978304756e-11,41
Targeted Info Provision,eta_out,3,330,0.7885342585365853,41
Targeted Info Provision,eta_out,3,331,0.9999981829268294,41
Targeted Info Provision,eta_out,3,332,0.7640182024390244,41
Targeted Info Provision,eta_out,3,333,0.9999982878048781,41
Targeted Info Provision,eta_out,3,334,0.7161850414634147,41
Targeted Info Provision,eta_out,3,335,0.9999964682926828,41
Targeted Info Provision,eta_out,3,336,0.7300235536585366,41
Targeted Info Provision,eta_out,3,337,0.9999975829268293,41
Targeted Info Provision,eta_out,3,338,0.7133956146341464,41
Targeted Info Provision,eta_out,3,339,0.9999950121951219,41
Targeted Info Provision,eta_out,3,340,0.7686698707317073,41
Targeted Info Provision,eta_out,3,341,0.720054156097561,41
Targeted Info Provision,eta_out,3,342,0.46174516585365855,41
Targeted Info Provision,eta_out,3,343,0.7332153463414633,41
Targeted Info Provision,eta_out,3,344,0.4374450487804878,41
Targeted Info Provision,eta_out,3,345,0.7676234170731707,41
Targeted Info Provision,eta_out,3,346,0.44397522195121947,41
Targeted Info Provision,eta_out,3,347,0.7636419024390244,41
Targeted Info Provision,eta_out,3,348,0.4350234341463414,41
Targeted Info Provision,eta_out,3,349,0.7649021487804878,41
Targeted Info Provision,eta_out,3,350,0.4766487780487805,41
Targeted Info Provision,eta_out,3,351,0.9999999951219511,41
Targeted Info Provision,eta_out,3,352,0.9999914780487805,41
Targeted Info Provision,eta_out,3,353,0.9999999463414635,41
Targeted Info Provision,eta_out,3,354,0.999992236585366,41
Targeted Info Provision,eta_out,3,355,0.9999999951219511,41
Targeted Info Provision,eta_out,3,356,0.9999921292682927,41
Targeted Info Provision,eta_out,3,357,0.9999999804878048,41
Targeted Info Provision,eta_out,3,358,0.999994668292683,41
Targeted Info Provision,eta_out,3,359,0.9999999731707317,41
Targeted Info Provision,eta_out,3,360,0.9999977146341463,41
Targeted Info Provision,eta_out,3,361,9.609296318613584e-11,41
Targeted Info Provision,eta_out,3,362,0.9999938292682926,41
Targeted Info Provision,eta_out,3,363,2.9648214041561247e-10,41
Targeted Info Provision,eta_out,3,364,0.9999761585365854,41
Targeted Info Provision,eta_out,3,365,2.0527427008541607e-10,41
Targeted Info Provision,eta_out,3,366,0.9999879902439025,41
Targeted Info Provision,eta_out,3,367,1.0,41
Targeted Info Provision,eta_out,3,368,0.9999823487804878,41
Targeted Info Provision,eta_out,3,369,1.0,41
Targeted Info Provision,eta_out,3,370,0.9999961219512196,41
Targeted Info Provision,eta_out,3,371,0.9999998731707318,41
Targeted Info Provision,eta_out,3,372,0.9411917731707317,41
Targeted Info Provision,eta_out,3,373,0.999999812195122,41
Targeted Info Provision,eta_out,3,374,0.9668960756097561,41
Targeted Info Provision,eta_out,3,375,0.9999992170731707,41
Targeted Info Provision,eta_out,3,376,0.9447906414634146,41
Targeted Info Provision,eta_out,3,377,0.9999993439024389,41
Targeted Info Provision,eta_out,3,378,0.9670809048780489,41
Targeted Info Provision,eta_out,3,379,0.9999994048780487,41
Targeted Info Provision,eta_out,3,380,0.9999738073170731,41
Targeted Info Provision,eta_out,3,381,0.636951656097561,41
Targeted Info Provision,eta_out,3,382,0.3186986731707317,41
Targeted Info Provision,eta_out,3,383,0.6804220853658537,41
Targeted Info Provision,eta_out,3,384,0.3125681536585366,41
Targeted Info Provision,eta_out,3,385,0.6355619756097561,41
Targeted Info Provision,eta_out,3,386,0.32567761463414635,41
Targeted Info Provision,eta_out,3,387,0.6369692512195122,41
Targeted Info Provision,eta_out,3,388,0.3033387585365854,41
Targeted Info Provision,eta_out,3,389,0.6850201268292683,41
Targeted Info Provision,eta_out,3,390,0.34256285365853656,41
Targeted Info Provision,eta_out,3,391,1.022775820492195e-06,41
Targeted Info Provision,eta_out,3,392,0.11172482268292683,41
Targeted Info Provision,eta_out,3,393,1.5850833600746343e-06,41
Targeted Info Provision,eta_out,3,394,2.403506302748761e-07,41
Targeted Info Provision,eta_out,3,395,0.08960943707317073,41
Targeted Info Provision,eta_out,3,396,0.0829606875609756,41
Targeted Info Provision,eta_out,3,397,1.506333930785561e-06,41
Targeted Info Provision,eta_out,3,398,3.0295902039024195e-07,41
Targeted Info Provision,eta_out,3,399,0.10996508292682926,41
Targeted Info Provision,eta_out,3,400,0.08658712853658536,41
